Name,Gender,Semester,Programming,Data Structures,Web Development,DBMS,Networking,Placement Chances (%)
student001,Female,3,84,49,85,62,70,90.17624735387935
student002,Male,4,42,100,71,92,87,63.186475185215876
student003,Female,6,68,100,92,93,94,71.85681211531045
student004,Male,1,50,82,53,69,83,99.61305009963915
student005,Male,2,48,66,100,78,99,15.20742775620657
student006,Male,4,77,52,57,54,56,86.44812288300358
student007,Female,2,55,98,69,64,79,54.36572014592647
student008,Male,6,90,91,59,54,44,5.397696450285228
student009,Male,5,87,65,92,93,72,49.78333964684648
student010,Male,6,96,65,94,86,96,41.405510827126
student011,Male,3,54,54,91,62,40,90.59961775304878
student012,Male,6,71,50,72,81,71,52.254158448131626
student013,Male,1,44,67,73,84,73,4.071814836093157
student014,Female,2,77,76,50,54,46,82.77712604214244
student015,Female,2,99,70,55,62,85,77.84124271952678
student016,Male,3,65,73,68,86,85,14.208712402371237
student017,Female,4,62,77,86,73,91,99.6394997949895
student018,Female,5,54,61,74,91,64,95.43063494764168
student019,Male,4,81,98,61,59,69,84.06804566494966
student020,Male,3,56,67,60,82,99,0.31284785790931524
student021,Female,2,94,46,74,61,88,63.704977310544855
student022,Male,4,67,67,58,90,78,25.899799108173582
student023,Female,1,55,66,80,63,84,3.2001570312621075
student024,Female,3,59,99,82,96,40,59.64225505604277
student025,Female,4,73,83,46,70,81,38.61280998866866
student026,Female,5,95,56,48,93,52,35.272654101731895
student027,Male,2,77,72,70,77,95,14.84069708928848
student028,Male,5,84,66,70,83,54,34.09358622893488
student029,Female,5,93,96,55,54,50,63.360725481591686
student030,Female,3,40,68,92,74,52,92.20938920578529
student031,Male,6,86,51,96,48,77,70.96461460475658
student032,Female,3,91,74,100,61,77,53.56002352773045
student033,Female,5,91,67,95,49,92,0.4418946610775909
student034,Female,3,57,76,71,85,40,97.07023752291684
student035,Male,3,67,72,70,83,100,97.09567684152375
student036,Male,3,94,78,55,51,100,30.215897100828826
student037,Male,3,49,62,79,44,91,17.197579029182663
student038,Female,4,43,99,82,87,51,20.66699377011011
student039,Female,3,69,64,51,96,81,4.285410980226068
student040,Male,2,63,99,51,44,49,29.44942062279553
student041,Male,6,78,96,61,51,62,20.48054933447746
student042,Male,6,66,80,58,43,77,89.26068772362218
student043,Male,2,63,86,91,67,62,38.83177899712658
student044,Male,3,62,94,75,66,75,78.07302226212913
student045,Male,6,57,66,92,68,86,73.07668416477912
student046,Female,2,72,70,65,67,64,22.08265475420095
student047,Male,6,41,79,72,76,95,84.63546378724745
student048,Female,1,75,45,97,100,74,73.69727383973564
student049,Male,6,66,43,67,66,41,46.08962329925913
student050,Male,5,62,97,89,92,72,45.855195643355174
student051,Male,1,73,64,55,72,76,76.80887001623591
student052,Female,5,58,67,75,77,97,4.479202405973359
student053,Female,5,77,55,75,70,74,61.61701022309427
student054,Male,1,40,89,85,99,86,53.825312375398816
student055,Female,5,93,73,60,90,88,22.529818137291603
student056,Male,4,95,59,97,68,85,51.82997102895155
student057,Female,2,85,60,43,69,96,37.60728537667245
student058,Male,5,58,69,95,49,52,88.42876571509642
student059,Male,6,52,73,71,43,87,54.63831100284584
student060,Male,4,67,96,89,92,88,46.07493112820226
student061,Female,5,47,84,88,98,72,1.1891516660399892
student062,Male,6,49,47,82,51,81,91.87504289619912
student063,Female,2,73,79,83,79,62,50.695606777652834
student064,Female,3,60,47,70,84,71,3.1939044933563476
student065,Female,2,58,45,66,71,69,95.9824274225366
student066,Female,5,52,100,63,73,90,83.8986230071599
student067,Male,1,49,88,70,62,68,1.309322077512265
student068,Female,4,59,69,98,89,53,69.38590297559998
student069,Male,1,82,99,72,52,73,98.04760039096996
student070,Male,1,58,69,86,82,41,44.46090412623974
student071,Male,1,87,80,100,73,49,92.98288079162828
student072,Male,1,73,71,96,97,62,79.40096446864449
student073,Female,1,62,44,90,53,54,3.225173943396764
student074,Male,5,89,48,63,40,68,22.446649767268756
student075,Female,3,45,41,53,70,53,71.79865895625521
student076,Female,1,86,87,61,100,80,31.095139867301025
student077,Female,2,99,71,60,65,63,7.072204274694105
student078,Male,2,81,98,50,60,66,36.1299301750985
student079,Male,2,72,41,72,85,45,6.822897950856244
student080,Female,5,75,65,93,93,74,37.808144019666635
student081,Female,3,60,48,69,47,69,41.14495150186491
student082,Male,2,47,66,79,89,90,31.043523115596862
student083,Male,1,62,100,87,99,83,61.82141269462045
student084,Male,5,54,42,73,64,99,29.83844240501452
student085,Female,1,88,83,91,94,99,0.9770109076931877
student086,Male,1,41,64,53,99,79,6.329428311793784
student087,Female,5,93,65,43,64,44,87.75198562999822
student088,Male,6,84,87,52,88,88,84.58129661763209
student089,Female,3,52,56,55,43,89,36.16989860452073
student090,Female,2,85,93,72,88,51,36.12057938230975
student091,Male,5,46,74,49,63,48,94.62312416483975
student092,Female,5,98,95,94,64,69,64.05403694073114
student093,Female,1,47,100,63,70,57,21.045615456228717
student094,Male,1,71,99,65,87,50,91.60329861452252
student095,Female,3,45,55,81,50,46,1.9100566370710004
student096,Male,3,99,46,93,61,40,90.46537134754304
student097,Male,1,47,75,78,71,52,70.66775542376217
student098,Male,5,91,74,79,64,71,74.07673257167608
student099,Male,6,70,66,93,75,85,79.72131662967945
student100,Male,5,50,75,64,91,61,18.385907771129716
student101,Male,5,72,55,56,93,74,54.47806910841998
student102,Male,3,96,97,91,89,79,96.06428428703974
student103,Male,4,91,69,68,76,80,75.40652978267119
student104,Female,2,48,49,57,66,80,63.447305792156094
student105,Male,4,100,70,90,50,84,72.74458053541862
student106,Male,6,96,97,83,73,56,88.8751132946956
student107,Female,1,60,90,67,81,50,61.00048968601832
student108,Male,2,42,71,63,57,45,33.862997828274885
student109,Male,3,88,86,94,90,48,73.82666948248351
student110,Male,2,64,93,87,99,57,65.27240045808867
student111,Female,6,64,68,79,91,89,2.4824367146910498
student112,Female,4,41,46,98,58,99,61.62593732482112
student113,Female,6,40,53,61,43,41,44.940543616222925
student114,Male,5,46,77,58,76,80,82.35193851665066
student115,Female,1,45,100,64,49,64,43.95677733595817
student116,Male,5,49,65,88,43,95,50.41221629099408
student117,Female,3,67,46,91,70,79,28.60187160905141
student118,Female,1,81,91,99,53,49,4.450669163839427
student119,Female,6,69,56,66,66,56,43.287127760496155
student120,Female,3,89,97,67,91,60,96.52980150202652
student121,Male,2,43,66,63,53,83,61.4292611563904
student122,Male,6,93,99,96,57,79,40.094631547671646
student123,Female,6,41,69,56,64,91,31.120033909284295
student124,Male,1,41,44,53,68,48,87.32595047772597
student125,Female,3,91,50,92,64,77,93.5583046819513
student126,Female,4,81,96,42,64,60,60.95741118619037
student127,Female,4,91,97,61,88,90,52.51691507717484
student128,Female,2,99,65,69,81,95,27.334573934626217
student129,Female,2,42,87,57,59,73,86.70198302275749
student130,Male,2,79,90,100,64,92,75.66498850122942
student131,Female,1,47,68,99,56,70,38.487649554237294
student132,Female,2,53,68,49,97,77,11.756118191560283
student133,Male,4,82,57,88,84,69,91.94655553653705
student134,Female,4,64,66,83,86,68,63.31487679357748
student135,Female,3,44,83,53,89,85,78.36418859784577
student136,Male,5,48,67,98,86,43,18.24877755570683
student137,Female,2,45,40,81,82,60,37.686007840938174
student138,Male,5,97,49,66,68,99,35.54017053210124
student139,Male,3,47,91,79,93,74,46.00786681581125
student140,Male,4,40,62,96,89,65,34.73643747483442
student141,Male,3,52,97,65,91,54,8.781452735574181
student142,Male,5,96,88,69,50,58,69.98371211662365
student143,Female,2,93,53,60,53,49,97.06968352459113
student144,Female,2,43,49,95,68,70,56.31246015774855
student145,Female,1,58,52,79,92,58,78.25754963792652
student146,Male,1,55,41,89,80,46,39.7636112638753
student147,Male,6,47,83,62,76,45,94.96906583945666
student148,Female,1,64,55,82,43,66,75.16164948907432
student149,Female,1,42,63,79,42,68,70.3173980464936
student150,Male,1,43,55,82,98,90,81.89594309432971
student151,Male,4,47,51,81,54,68,40.35551802302275
student152,Male,5,88,76,81,65,86,38.752459189875296
student153,Female,2,44,84,85,68,63,82.85293302131231
student154,Male,5,58,74,60,60,61,94.6103536333704
student155,Male,6,58,87,84,40,94,6.0557281972628445
student156,Female,6,52,52,95,55,53,58.44814405026229
student157,Male,5,50,89,78,52,93,48.44013791339843
student158,Male,4,53,57,69,42,78,55.09459355845543
student159,Female,5,66,88,70,79,68,26.442569128815883
student160,Male,4,73,97,64,68,87,86.34559553917721
student161,Male,2,48,42,94,61,52,68.981436869596
student162,Male,2,74,73,42,42,85,38.82010583736153
student163,Male,1,87,97,69,64,41,65.19477232419788
student164,Male,5,89,74,49,85,45,97.93852454494404
student165,Female,4,94,93,74,51,58,20.984553691117437
student166,Female,6,76,49,47,90,89,42.56648903573688
student167,Male,5,49,83,51,47,50,17.9663700350991
student168,Female,5,58,56,69,57,95,88.71037524968017
student169,Male,2,100,51,88,57,59,65.62881751033531
student170,Male,3,93,77,46,50,100,99.05203675555101
student171,Female,6,57,52,79,98,87,96.45218078165372
student172,Female,2,46,100,53,99,50,4.02083846606306
student173,Female,6,57,96,84,80,55,81.70836271567124
student174,Female,3,53,51,45,49,69,40.32636812528501
student175,Male,3,68,62,86,41,51,0.021686693257949585
student176,Male,1,85,88,42,96,69,98.52451185763576
student177,Male,2,60,84,65,100,64,29.29087009742727
student178,Male,5,76,45,65,68,83,20.29944150858699
student179,Female,3,44,44,96,93,85,62.53950037164099
student180,Male,1,49,45,49,65,76,16.810707235437206
student181,Female,5,41,95,68,68,65,51.07983279918445
student182,Male,1,62,52,53,72,56,5.3989277859490485
student183,Male,4,75,50,94,55,94,1.010698364554763
student184,Female,1,48,47,71,99,89,3.7997184975721243
student185,Female,5,94,60,43,77,57,3.4919323215394815
student186,Male,4,77,61,47,47,68,91.63924265878683
student187,Female,5,90,88,88,62,87,64.31784412134616
student188,Female,5,58,64,58,61,68,7.60678637360307
student189,Male,6,86,68,81,41,86,8.104710536201509
student190,Male,4,88,50,60,72,41,45.084348457605635
student191,Male,6,52,68,69,82,91,75.46991528735157
student192,Female,3,95,77,46,72,92,85.53607623297975
student193,Male,4,50,85,89,73,68,93.46226421524807
student194,Male,6,76,83,67,98,97,23.200559227223437
student195,Male,5,50,75,69,70,57,89.96645319670509
student196,Female,2,43,56,43,83,98,30.37411741036985
student197,Female,1,63,52,67,48,88,8.165281790555479
student198,Male,6,64,81,80,64,93,79.81055920170708
student199,Female,3,60,99,75,63,82,53.02146212642462
student200,Female,2,83,96,60,90,85,24.52094955230364
student201,Male,6,85,46,43,64,97,16.390083684881773
student202,Female,1,92,68,88,40,54,74.9748359828207
student203,Female,3,59,80,50,49,55,34.54758519192188
student204,Female,5,91,80,79,79,62,1.5846923191784823
student205,Male,1,43,67,52,78,51,26.037393923998287
student206,Female,5,93,77,87,59,49,30.136817300680143
student207,Female,1,45,85,55,97,51,49.140837623034216
student208,Male,5,65,90,79,80,47,20.47537669405324
student209,Male,5,55,93,77,48,95,4.651233836542579
student210,Male,4,93,56,66,47,46,55.3824164406137
student211,Female,5,40,89,88,54,56,65.34019528327588
student212,Female,5,73,98,83,54,43,13.069546156580724
student213,Female,3,51,41,60,64,47,16.946105430727854
student214,Female,1,59,66,75,91,84,88.5951219431894
student215,Female,5,70,52,43,70,86,39.78058264599616
student216,Female,1,79,97,40,52,74,32.172558521176555
student217,Female,4,76,75,66,85,89,18.894654730539827
student218,Male,2,58,43,54,100,88,62.0888419002125
student219,Male,5,85,63,81,58,89,80.40482279153116
student220,Female,5,85,88,47,96,95,16.511410460778432
student221,Female,4,79,48,69,41,56,47.13115832633987
student222,Male,2,92,71,52,91,43,4.173733847776417
student223,Female,1,85,81,98,61,41,15.502621778841853
student224,Male,4,80,100,79,59,71,72.18215346071855
student225,Male,4,87,50,75,45,76,54.69916739192375
student226,Female,6,86,75,71,66,94,56.091041417576804
student227,Male,5,90,92,90,97,80,93.7557616792162
student228,Male,6,41,82,64,79,96,14.271202205123078
student229,Female,5,79,100,40,92,69,10.73879097131032
student230,Female,1,48,83,53,92,75,6.990554701306695
student231,Male,1,49,87,59,81,74,53.756376163308616
student232,Female,6,76,71,61,51,52,9.732911737105676
student233,Male,4,61,87,62,49,70,50.08644675538102
student234,Female,5,98,100,56,55,95,6.9845047290889255
student235,Female,5,47,76,99,79,84,82.66328250590256
student236,Female,5,89,55,74,41,80,56.180022909451225
student237,Male,1,79,67,50,83,89,77.75296023428149
student238,Female,6,63,76,45,46,60,34.45280407167313
student239,Male,3,93,47,72,92,73,95.08921253012964
student240,Female,1,46,43,90,42,84,87.54815172697235
student241,Male,3,42,83,89,59,60,9.293291510704726
student242,Male,6,96,93,51,77,94,88.62414996238402
student243,Male,2,93,40,84,75,65,37.49889958345798
student244,Female,4,97,77,98,81,96,82.8722768420193
student245,Female,3,86,71,66,57,44,11.32309816364845
student246,Female,3,64,79,97,85,91,51.80191993875758
student247,Male,4,82,74,62,83,85,36.85238632120483
student248,Male,1,67,40,44,51,56,50.11997175683559
student249,Male,6,86,43,84,65,46,13.740030009198845
student250,Male,3,98,80,45,59,58,73.61398648353436
student251,Male,3,92,78,56,84,63,26.63744829195549
student252,Female,5,94,100,59,92,91,2.51946557832069
student253,Female,5,68,64,81,46,45,38.02172829985682
student254,Male,3,77,61,45,84,49,80.0859344072502
student255,Female,5,45,52,73,41,99,83.84358211611396
student256,Male,5,70,44,48,57,41,28.194501513273863
student257,Male,5,90,41,80,49,57,5.312247797514324
student258,Female,6,98,70,66,77,60,36.36469673363612
student259,Male,1,85,68,48,48,51,75.88414956893556
student260,Female,4,92,90,66,67,87,1.565183023643335
student261,Male,3,75,67,97,59,54,32.69980262002225
student262,Female,2,95,73,52,88,68,19.8605622836711
student263,Female,5,94,46,63,94,87,28.815278284774937
student264,Male,6,51,73,64,96,56,26.177713878554787
student265,Female,4,50,81,81,61,55,50.28417588057125
student266,Female,3,67,65,78,87,58,74.31564218951917
student267,Male,1,48,97,70,85,67,4.921545239634362
student268,Male,5,81,97,93,40,41,34.75286419434973
student269,Male,2,65,59,61,61,71,27.546133826539286
student270,Male,4,98,45,68,100,40,51.55610085776436
student271,Male,1,50,79,87,71,54,77.5894782926315
student272,Male,1,88,71,69,76,51,81.75463780114619
student273,Female,3,44,92,68,72,59,49.53814603181834
student274,Female,5,72,42,45,82,84,5.468129731076576
student275,Male,4,61,56,49,67,98,6.242611172965839
student276,Male,4,88,90,41,57,99,26.061090781645714
student277,Male,5,66,90,82,66,57,99.51884415534147
student278,Female,1,85,97,53,50,73,65.95845164916393
student279,Female,4,100,57,71,44,82,52.449422966191506
student280,Male,6,66,81,85,83,52,63.99003977701497
student281,Male,1,90,80,63,100,97,63.1489893809425
student282,Male,5,99,100,90,88,82,97.2845678645016
student283,Female,3,64,88,51,56,58,60.415547529869116
student284,Female,5,99,75,81,84,95,98.54085547128308
student285,Male,2,88,80,78,41,61,65.25935021619429
student286,Male,3,63,72,68,60,93,8.544524633328265
student287,Female,4,92,56,70,90,81,70.58015468312354
student288,Male,5,76,68,51,58,99,44.52492898159595
student289,Male,5,62,43,93,42,67,47.224833424638035
student290,Female,2,68,99,69,95,43,66.11691495050806
student291,Female,3,67,52,45,65,80,87.33990564564208
student292,Female,4,43,95,79,54,68,67.92941877295077
student293,Male,5,83,41,93,99,51,76.0054763605603
student294,Female,3,59,87,66,95,82,96.68626179936125
student295,Male,3,45,88,92,95,88,46.62057557289674
student296,Female,6,66,68,66,74,87,57.10749646527762
student297,Male,6,89,73,56,65,86,60.000826380708006
student298,Male,4,94,74,70,43,69,38.03247468420901
student299,Female,1,95,53,74,92,44,24.861920737130184
student300,Male,1,64,57,78,67,65,27.759376484091327
student301,Male,5,54,74,96,53,44,68.10705022751704
student302,Female,3,67,94,85,63,99,5.34156456991306
student303,Female,1,95,88,67,97,84,77.14532894733108
student304,Male,3,57,81,50,61,80,50.359857468031244
student305,Female,1,64,85,91,78,68,24.781906613757286
student306,Female,4,58,62,70,76,87,87.9225669737224
student307,Female,3,43,92,80,97,45,48.363429240493026
student308,Female,5,86,69,49,65,65,33.09354926553538
student309,Female,6,92,90,44,83,73,39.11084497864812
student310,Male,1,44,86,64,57,67,33.40444112672799
student311,Male,1,92,62,72,98,66,4.7868754973143135
student312,Female,2,68,48,80,64,42,51.128801915548074
student313,Male,4,56,59,40,97,92,84.99583727191478
student314,Female,4,47,92,53,43,100,36.04508077816055
student315,Male,2,51,56,67,87,85,16.894903820626517
student316,Male,1,93,46,74,57,64,68.44220064430716
student317,Female,6,69,98,93,80,89,31.61185061367372
student318,Female,4,58,57,45,81,80,14.029201002234826
student319,Male,2,72,61,44,74,41,76.05011053658266
student320,Male,4,56,73,76,94,87,34.049307695524334
student321,Male,6,90,96,47,46,40,49.53639805622071
student322,Male,3,72,58,69,96,55,25.00648589738367
student323,Female,6,43,88,89,45,77,4.971783239073668
student324,Male,3,73,81,82,64,40,46.858066675114465
student325,Female,2,93,76,63,44,81,93.1701694588018
student326,Male,6,60,45,85,52,59,0.5216306221061839
student327,Female,4,54,87,99,79,69,54.61111956274468
student328,Female,6,79,56,58,86,95,88.44346805723777
student329,Female,5,50,81,80,84,94,41.606623044897596
student330,Male,1,88,58,42,82,46,68.37792101852982
student331,Female,6,67,64,60,44,72,14.638516992459117
student332,Female,5,71,86,43,98,54,77.62225932225834
student333,Male,5,79,83,69,71,79,73.24466353394756
student334,Male,1,88,50,69,53,72,87.12618843557622
student335,Male,2,41,43,93,75,43,44.27480326491613
student336,Female,4,50,90,40,76,41,14.84894535250577
student337,Male,5,46,56,95,52,95,95.30741828802512
student338,Female,2,66,66,48,99,86,48.62689622225717
student339,Female,1,69,72,64,67,76,40.426271856836905
student340,Male,1,76,72,96,65,41,64.92114654675225
student341,Male,2,46,97,54,64,78,77.83991191903846
student342,Female,3,71,83,78,67,57,54.29146759567971
student343,Male,3,70,49,56,52,78,26.74863041284593
student344,Female,2,84,75,44,43,61,52.144020618124124
student345,Female,3,68,42,56,89,76,54.135874891780404
student346,Female,5,99,79,42,56,46,10.1573411619434
student347,Female,6,76,79,50,93,82,37.859669113767794
student348,Female,4,89,86,58,71,64,47.72620881546851
student349,Female,5,71,52,75,42,69,44.173887272996204
student350,Male,5,43,69,87,86,59,39.60505959377221
student351,Male,4,87,88,84,100,70,87.7625600361825
student352,Female,2,80,47,54,96,53,81.52431488222085
student353,Female,1,75,55,65,46,84,12.171109456533923
student354,Female,6,73,77,54,66,62,32.00887099355637
student355,Male,3,45,60,92,41,74,73.38394899734072
student356,Female,1,43,78,98,48,79,33.478359570144555
student357,Male,3,43,41,95,92,45,34.464162957372544
student358,Female,1,73,41,85,52,67,23.068419593078925
student359,Male,4,79,77,80,95,90,42.854225574243365
student360,Female,4,50,43,79,87,84,14.3654032150226
student361,Male,5,66,94,66,59,46,48.510564670724655
student362,Female,6,53,85,93,84,61,35.0931153951306
student363,Male,4,94,63,65,84,62,4.198218387727081
student364,Female,4,80,58,100,93,68,12.57276229465224
student365,Female,6,81,58,50,53,68,76.32489026586904
student366,Female,3,70,52,71,65,47,58.00410008634525
student367,Female,5,64,40,78,67,85,7.514144049393378
student368,Female,5,94,40,50,55,66,45.52875476352648
student369,Male,2,100,64,95,86,43,90.91522032342469
student370,Female,5,64,48,70,85,82,51.82642232712
student371,Female,1,96,51,99,57,66,17.96754152107054
student372,Female,6,65,98,51,57,42,36.478123706082
student373,Male,4,92,79,85,54,99,19.40168879872941
student374,Male,3,71,51,90,88,71,49.620879719094056
student375,Female,2,74,90,69,70,56,58.904841151482955
student376,Female,5,88,69,72,82,41,38.5533136006583
student377,Female,1,56,78,86,59,77,43.07927837093002
student378,Male,1,52,70,51,59,73,7.328192104577857
student379,Female,2,62,62,90,68,63,66.73456072179093
student380,Male,6,57,73,51,69,81,69.79916769752012
student381,Female,1,94,93,58,59,69,10.41459345892447
student382,Male,4,95,86,81,49,82,57.40787292313716
student383,Female,5,81,52,41,90,61,34.02187386733946
student384,Female,6,63,78,44,48,59,13.49518042634087
student385,Male,4,94,98,56,99,66,59.038207352934045
student386,Female,3,95,67,90,61,50,6.507076829415537
student387,Male,1,80,99,70,74,88,81.29797967026313
student388,Female,2,62,63,54,68,81,79.7122914005514
student389,Male,4,60,91,58,93,62,15.76001284485774
student390,Male,5,80,59,57,72,93,45.475146940783176
student391,Female,3,44,79,76,72,58,60.292023478700564
student392,Female,2,73,58,45,96,61,43.82889840131527
student393,Female,2,67,66,53,40,91,82.5030345804622
student394,Female,4,88,85,77,65,65,84.59241753061828
student395,Male,1,79,82,55,83,82,57.84257248016835
student396,Female,2,89,64,86,50,95,32.67925657749028
student397,Female,3,42,49,80,90,88,28.501665587204194
student398,Female,5,53,63,100,50,88,44.86238955350622
student399,Male,5,78,76,50,49,67,19.173532730851793
student400,Male,1,75,43,66,54,66,51.125932570752
student401,Male,2,62,44,47,43,81,25.748284218717743
student402,Male,1,100,59,73,62,57,55.20685603784824
student403,Male,6,74,55,48,78,80,85.28486367584189
student404,Female,4,84,57,52,96,80,65.66092046525219
student405,Female,2,50,95,68,44,100,60.968460767316614
student406,Male,3,52,93,59,54,88,90.72557841292564
student407,Male,6,69,41,72,50,55,30.606873599132367
student408,Male,2,91,50,97,50,86,36.49704658326054
student409,Male,4,97,71,50,55,40,11.777522828152287
student410,Female,4,72,98,72,63,71,32.83832554167267
student411,Male,2,84,91,40,95,68,90.32984198808771
student412,Female,2,54,68,54,88,85,98.21849228045384
student413,Female,2,54,71,93,87,61,61.41455285304105
student414,Female,6,73,89,87,84,90,21.374300513469922
student415,Female,1,62,89,81,52,50,65.16194996923875
student416,Male,2,64,47,98,73,84,42.358447301164816
student417,Female,6,95,66,92,80,63,80.96534743315343
student418,Male,2,46,47,45,98,44,63.802357474257896
student419,Male,2,97,92,63,56,96,85.29779544109353
student420,Female,1,70,57,54,64,83,72.49994081524116
student421,Male,3,92,97,56,63,69,79.15580157366232
student422,Female,2,42,52,58,78,68,74.0095343337297
student423,Female,3,94,78,61,95,80,85.42498569412538
student424,Female,4,88,75,52,99,98,45.16381840446336
student425,Male,2,87,58,100,72,86,51.23152158397005
student426,Male,5,64,66,50,71,63,29.507402446659704
student427,Male,1,53,82,93,58,83,23.895233157642394
student428,Male,2,74,81,77,91,55,90.87484308361871
student429,Male,2,82,85,93,62,72,14.796138565524963
student430,Female,1,52,79,82,73,84,49.0584402091233
student431,Female,4,41,91,71,52,76,22.231386637417195
student432,Male,4,95,100,66,79,78,15.087574528853253
student433,Female,4,82,61,60,45,46,61.91057567441717
student434,Male,3,56,78,70,51,87,47.19141380752285
student435,Male,1,58,60,56,47,50,2.022939499702847
student436,Female,4,97,78,86,82,58,37.37218646105326
student437,Female,4,58,79,59,68,77,47.004070945587685
student438,Female,3,80,75,69,59,54,86.09445813898787
student439,Female,4,94,81,96,83,42,23.549837023947727
student440,Female,4,66,68,41,70,58,21.423413006762104
student441,Male,4,57,49,48,59,85,3.1616785146372894
student442,Female,1,67,52,62,52,73,35.703847816916635
student443,Female,1,48,93,63,57,58,87.63974253232276
student444,Male,5,89,87,95,64,64,8.947005601228986
student445,Male,5,42,53,59,75,64,71.36549774116378
student446,Female,4,54,56,82,68,64,68.00865798295045
student447,Male,6,61,91,86,83,64,10.010789420003373
student448,Male,4,77,84,49,97,46,84.66103420110089
student449,Female,3,78,99,81,90,99,14.311599843553658
student450,Male,6,71,57,67,46,63,81.16048620181786
student451,Male,2,51,92,86,61,82,78.908515572565
student452,Male,2,84,80,66,95,75,33.654439533522286
student453,Female,4,79,70,83,65,84,50.293897570210625
student454,Male,4,96,90,75,57,87,55.83580520434597
student455,Female,3,96,88,50,50,72,34.522796323266036
student456,Male,1,46,48,86,77,79,86.67583652381946
student457,Female,2,76,53,94,43,49,44.23994448085365
student458,Male,3,80,64,78,42,89,58.50567280826786
student459,Female,2,55,42,82,43,61,90.39468357001161
student460,Male,3,46,91,91,44,68,85.38693195326258
student461,Female,4,82,43,60,83,45,14.70442542073782
student462,Female,5,52,57,84,97,80,96.46367537875504
student463,Female,1,77,53,78,70,42,9.523409804243233
student464,Female,6,81,98,70,40,98,94.48440477326619
student465,Female,3,52,43,97,82,84,59.80742308387915
student466,Female,6,67,74,88,44,41,88.8560090305679
student467,Female,3,48,79,69,72,68,19.525162089084947
student468,Male,5,63,98,67,64,57,76.75797629872304
student469,Male,1,70,81,70,42,88,79.8230279289266
student470,Male,2,89,97,82,85,84,10.127205338616918
student471,Male,6,44,93,57,80,71,57.40916449464515
student472,Female,4,60,96,66,66,94,7.298959602839917
student473,Female,4,45,76,67,93,79,11.749513767390674
student474,Female,2,44,57,45,41,53,52.76170377555406
student475,Female,1,55,58,64,60,73,78.92904967528469
student476,Female,3,77,67,46,96,44,22.94173830707492
student477,Male,4,42,74,76,50,96,45.36943859385143
student478,Female,5,89,58,46,76,77,38.87114353818545
student479,Female,3,68,81,78,88,61,19.893247933033276
student480,Female,4,45,86,42,47,75,95.11735961166427
student481,Male,5,45,58,57,59,89,77.36866452340777
student482,Female,4,90,98,94,58,53,89.70646172368726
student483,Male,3,40,91,63,99,73,23.586919841895117
student484,Female,4,63,66,65,63,68,59.73741279492841
student485,Male,4,70,86,99,58,89,76.23702423798953
student486,Female,6,92,85,41,57,98,9.514615063657573
student487,Female,2,88,82,66,63,61,99.43798547646468
student488,Female,5,85,83,61,64,93,47.147145464543826
student489,Female,4,91,76,84,96,83,18.27893680234254
student490,Male,1,57,56,51,89,100,37.171469313017646
student491,Female,5,64,40,56,70,45,1.9768677164810677
student492,Female,4,40,70,92,65,76,15.7895849249989
student493,Female,5,71,68,69,86,77,81.02655610828123
student494,Female,6,95,78,73,91,45,7.902529156476312
student495,Female,1,67,79,76,80,63,30.4404117042246
student496,Male,3,47,73,89,70,55,44.92951496229928
student497,Female,1,66,87,87,59,61,92.14248733346584
student498,Female,6,96,49,98,44,81,44.54578745680584
student499,Male,3,49,83,59,49,92,32.108142906718825
student500,Male,4,97,45,67,40,89,57.89598020874694
student501,Female,4,75,48,59,77,56,49.18612070986805
student502,Female,2,79,46,40,60,68,24.168995504966674
student503,Male,4,78,78,56,94,42,25.51498394451591
student504,Male,5,73,89,48,74,48,19.713064145266223
student505,Female,6,49,89,69,78,68,69.10007551817333
student506,Female,2,68,76,45,88,97,38.47836996290624
student507,Female,3,94,87,58,65,78,55.79710770806629
student508,Female,2,91,41,65,76,91,3.3097754213427866
student509,Male,2,86,45,99,99,59,1.5244041335908953
student510,Female,6,49,63,64,93,42,80.58280474368111
student511,Female,3,51,55,90,87,98,51.07229390230891
student512,Female,1,48,90,93,56,75,82.56202462475966
student513,Male,2,60,58,98,57,88,31.340187523760232
student514,Male,2,90,53,68,97,49,58.05339234490381
student515,Male,1,74,85,40,86,81,87.24568900096655
student516,Female,2,50,64,66,84,96,78.70621231058557
student517,Male,1,70,42,66,80,85,95.88981555592011
student518,Male,6,55,70,91,100,59,6.385965396646531
student519,Male,5,50,57,60,91,61,0.4278466512485424
student520,Male,1,85,87,65,57,55,72.74883541702468
student521,Female,1,48,100,88,58,55,58.62581944790895
student522,Male,1,79,74,86,57,99,81.15870696665955
student523,Female,2,93,71,57,97,45,46.532985445888244
student524,Female,3,54,50,60,70,79,26.706161458252843
student525,Female,4,51,80,75,61,89,51.878823715102506
student526,Male,2,44,67,88,46,91,15.04383062917264
student527,Male,1,61,75,61,42,100,17.445368954341056
student528,Female,3,60,78,95,97,57,58.24640001383936
student529,Male,6,56,71,45,72,68,79.41672004210723
student530,Female,4,92,71,41,55,79,22.269077365191038
student531,Male,1,75,64,96,53,87,75.93920818188627
student532,Female,1,61,60,42,64,71,70.45314865469557
student533,Female,1,99,80,69,42,85,41.00558530052959
student534,Female,2,69,96,70,100,84,92.82598147146423
student535,Female,5,86,81,81,43,51,69.17498243146308
student536,Female,6,97,94,41,90,85,65.49064633760415
student537,Male,1,45,40,94,91,45,42.14774372454658
student538,Female,6,91,92,63,77,41,8.606459694297941
student539,Female,3,42,76,40,68,96,4.691798194957341
student540,Female,3,50,54,84,84,67,12.783723931399017
student541,Male,6,47,71,70,86,80,93.09911846958362
student542,Female,3,44,52,100,72,100,53.90246055996324
student543,Male,2,68,40,52,79,81,98.24754748820516
student544,Male,5,57,53,68,95,86,34.25226111120997
student545,Male,6,61,76,57,91,63,55.56157983997665
student546,Male,4,43,71,51,79,55,37.12625939944949
student547,Male,5,40,50,86,63,91,26.791049146542413
student548,Male,5,49,83,63,60,59,95.02879622731871
student549,Male,3,49,45,89,49,98,35.63316838316697
student550,Male,4,70,94,52,59,97,33.244598735851646
student551,Female,2,67,82,73,53,77,89.6355214451201
student552,Female,1,93,47,91,69,87,82.77762421965542
student553,Female,1,49,60,45,47,66,81.88767050326625
student554,Female,6,47,63,40,74,52,18.94010231555905
student555,Female,5,76,59,41,80,76,33.41362380837422
student556,Female,4,60,57,53,79,94,68.07698987659778
student557,Female,4,62,93,88,99,58,96.02404797433145
student558,Female,4,59,49,66,75,65,20.459668676333486
student559,Female,6,64,51,94,79,56,64.67088999622683
student560,Female,1,63,76,63,74,89,26.569873336532
student561,Female,2,55,62,84,68,40,54.47502071585267
student562,Male,1,72,63,80,40,43,42.17975390401508
student563,Male,2,43,56,46,82,77,75.52451701960044
student564,Male,3,54,42,87,68,79,83.52174725943698
student565,Male,1,90,56,58,97,40,46.21420308465941
student566,Male,1,65,75,41,85,68,18.244060326537415
student567,Female,6,76,96,55,80,42,37.14668993539721
student568,Female,1,59,87,57,56,96,94.20735218049843
student569,Male,4,68,95,64,84,88,80.13290885937394
student570,Female,1,95,58,58,70,61,84.330631949085
student571,Male,6,40,89,65,95,66,17.611938767966006
student572,Female,3,70,87,68,45,51,44.241291849421806
student573,Female,2,81,51,87,49,45,53.45100803219053
student574,Male,4,87,63,40,85,56,37.05966701907679
student575,Male,3,51,71,100,82,85,0.86526232075812
student576,Female,6,77,77,71,74,77,9.555292790751857
student577,Male,5,61,95,47,53,80,93.71799407117554
student578,Male,3,87,61,96,41,96,61.33721683221975
student579,Female,6,67,66,53,56,48,24.05333993063835
student580,Male,5,55,83,44,98,70,84.82427491128784
student581,Male,4,52,66,71,92,67,51.86598290647295
student582,Female,5,94,92,100,81,54,3.394972484368053
student583,Male,5,91,56,80,49,90,46.530391937918644
student584,Female,5,86,82,96,59,75,97.81571122776604
student585,Male,5,99,74,84,51,81,19.88838543871776
student586,Female,4,99,91,91,66,72,97.18177217359154
student587,Female,4,93,61,55,58,62,3.507461987206273
student588,Male,5,82,83,75,55,59,92.18347361704544
student589,Female,5,79,84,89,48,71,53.49160420782473
student590,Female,6,47,67,75,59,42,84.49767375936881
student591,Male,2,59,57,49,52,57,11.035432057625227
student592,Male,5,84,83,43,78,53,34.411467013005016
student593,Male,4,81,94,69,57,91,5.278922143420573
student594,Male,2,61,97,84,61,51,85.6218008189162
student595,Female,4,79,75,40,82,67,54.992838782943906
student596,Female,4,49,96,75,60,92,42.805050534176225
student597,Male,6,68,85,73,43,70,44.08494129076209
student598,Female,1,100,88,46,63,60,70.58188970951815
student599,Female,4,43,46,60,85,94,48.29570398504512
student600,Male,5,50,51,86,84,99,24.382114211753304
student601,Male,4,76,60,51,79,93,36.68257158540773
student602,Female,6,84,100,79,76,80,69.71585773771338
student603,Female,1,56,74,72,92,55,69.30103778059738
student604,Male,5,94,53,69,99,63,22.710920400070968
student605,Female,6,41,55,81,42,51,41.707506814584306
student606,Female,3,70,56,72,95,54,75.81532267936886
student607,Male,1,42,98,95,75,93,32.522964135201924
student608,Female,2,65,97,83,65,56,56.30235622587061
student609,Female,2,77,81,66,40,94,76.79219626451714
student610,Male,2,41,97,44,85,56,84.13635209972506
student611,Male,1,57,75,62,93,40,18.043941523674
student612,Male,2,89,84,43,50,47,97.7783071781996
student613,Female,5,91,91,62,82,50,23.88352008282908
student614,Female,5,93,95,79,76,78,83.58219296270626
student615,Male,5,40,97,78,87,42,1.0423342437318683
student616,Female,3,50,76,95,85,45,90.91473557531212
student617,Female,1,57,63,89,68,70,4.475116292702164
student618,Female,3,60,60,81,72,43,39.12732110172982
student619,Male,6,41,40,71,44,43,67.46079479662093
student620,Female,5,99,70,78,86,56,92.82819736644164
student621,Female,5,59,84,96,88,70,27.962280616838285
student622,Male,2,85,92,76,42,59,68.80730480232651
student623,Male,1,86,91,40,70,76,27.518283143906853
student624,Male,3,77,74,50,45,42,31.292184886903087
student625,Female,5,44,42,41,42,44,70.88076840841632
student626,Female,1,64,58,58,74,88,53.25273448786408
student627,Female,5,94,89,78,55,61,1.5334928318176289
student628,Female,1,74,59,71,76,74,71.35169904724086
student629,Male,2,73,90,80,66,42,54.338049664517015
student630,Male,4,85,50,69,100,91,14.936548584785081
student631,Female,3,54,83,64,92,64,58.64129398561473
student632,Female,4,90,44,87,87,81,43.940069628042664
student633,Female,5,99,96,42,64,95,45.39101160720257
student634,Female,6,59,56,87,77,41,81.67176686539554
student635,Male,1,63,51,75,70,77,78.86891224579325
student636,Male,4,82,43,41,60,41,40.864706355097745
student637,Female,2,95,74,95,77,41,32.41786457561248
student638,Female,1,45,48,50,52,44,55.7837420404661
student639,Female,4,65,76,92,48,63,98.68454709802444
student640,Female,2,46,85,57,74,74,16.33185192777248
student641,Male,6,47,63,49,61,84,34.38670235859475
student642,Male,4,77,74,94,81,92,19.221641760077723
student643,Female,2,69,59,100,58,52,39.546114848763025
student644,Female,4,49,56,91,45,84,33.6939947573216
student645,Female,2,71,56,82,80,42,86.90673964661956
student646,Female,1,69,93,49,51,58,41.06833137998207
student647,Male,2,45,53,44,78,75,26.633013254065606
student648,Female,3,99,41,62,75,100,43.74236826554504
student649,Female,2,74,54,58,53,94,92.28407708845016
student650,Male,6,52,68,60,54,49,37.335801785989794
student651,Female,2,60,71,54,53,79,76.75924207309012
student652,Male,4,70,65,73,80,54,32.456044833389285
student653,Male,5,57,74,79,83,74,19.168550806531936
student654,Male,6,50,88,56,99,75,99.78779655391506
student655,Female,1,67,44,69,73,73,60.42030920168968
student656,Male,3,49,99,88,76,64,25.51251532024732
student657,Male,3,93,71,55,72,97,14.785050640179387
student658,Female,5,87,43,76,56,49,42.14338423206527
student659,Female,4,78,100,71,69,41,39.70077214480291
student660,Male,4,60,81,46,42,69,8.666987508697998
student661,Male,2,58,83,46,56,40,38.19146412158547
student662,Female,4,60,47,47,81,56,83.81944243430956
student663,Female,3,51,63,45,74,49,60.050376247639406
student664,Male,5,53,57,89,86,87,44.36746829595132
student665,Male,1,53,52,83,68,95,51.26716663784063
student666,Male,2,58,55,40,72,58,76.49609385706937
student667,Male,6,48,95,56,79,85,87.72021786273947
student668,Male,5,63,42,68,54,61,67.59549261618227
student669,Female,1,78,63,98,40,56,83.12383126742554
student670,Male,2,60,69,73,89,84,77.5021935849049
student671,Male,6,73,93,100,57,76,38.12259863520918
student672,Female,3,77,67,90,95,60,11.906459390058666
student673,Female,3,99,40,79,74,94,16.327410904679564
student674,Female,6,72,62,85,55,79,60.758733677775865
student675,Female,1,76,40,55,42,84,94.40108170702062
student676,Male,4,92,89,98,67,43,37.93088498176933
student677,Female,4,52,84,77,43,74,80.23913875551962
student678,Male,3,41,91,61,85,60,89.28058526735782
student679,Male,2,91,49,74,99,62,68.17475021596559
student680,Male,2,50,62,67,49,44,12.436835981974248
student681,Male,4,52,43,60,60,73,81.93333092409226
student682,Female,1,43,59,60,43,46,36.957530725801924
student683,Male,4,50,100,80,44,49,61.82672031017189
student684,Female,3,61,66,76,40,60,88.93338270806439
student685,Female,3,67,65,47,87,90,5.893002277707316
student686,Male,3,75,50,78,71,51,37.59065251818996
student687,Male,4,65,85,99,63,81,58.05730853834415
student688,Female,3,42,98,87,60,79,99.11264606555609
student689,Male,4,100,41,46,89,85,74.25475179936451
student690,Female,2,89,85,81,97,69,69.94565210351223
student691,Male,6,87,42,55,60,65,49.0717332076929
student692,Male,1,90,61,61,40,51,47.391071609203586
student693,Female,1,83,52,86,55,78,27.85332909010858
student694,Male,3,66,66,72,99,69,24.24058994396976
student695,Male,2,60,85,45,67,66,36.21660911170943
student696,Male,2,77,86,67,94,100,22.801355620234144
student697,Female,1,45,67,88,67,69,99.04055815955797
student698,Female,3,98,69,69,43,96,43.8801946409902
student699,Female,4,53,82,99,42,91,86.50904759702652
student700,Male,3,95,46,85,62,43,43.99320459089948
student701,Female,6,76,52,64,78,49,60.756657404582896
student702,Female,1,97,70,68,47,68,8.93681193711049
student703,Male,5,69,79,40,64,87,79.73831593911297
student704,Male,4,81,92,79,71,40,4.535730331224219
student705,Male,4,79,99,40,98,53,3.663384548412374
student706,Male,3,82,63,41,49,96,40.952937888966446
student707,Female,5,76,59,97,74,69,32.253162766974306
student708,Female,3,40,53,53,97,48,8.872422755434483
student709,Female,2,76,51,49,40,91,34.903354694189034
student710,Male,5,50,93,44,92,98,56.030359224206315
student711,Male,2,69,47,91,51,48,72.46309061372574
student712,Male,4,49,88,91,94,50,7.538823432049712
student713,Male,5,53,74,74,89,69,4.309351756199464
student714,Male,6,78,50,47,93,59,94.26985534834745
student715,Male,4,52,46,53,82,97,85.39833188722069
student716,Male,1,43,56,46,55,63,11.332897216079097
student717,Male,1,73,71,82,41,79,57.19026394550938
student718,Male,6,62,92,86,60,62,29.540796826661676
student719,Male,3,98,58,88,49,85,62.0971349400988
student720,Female,4,97,71,79,48,89,27.63990545889522
student721,Female,3,87,83,82,45,91,77.37596427627227
student722,Male,5,84,66,91,47,56,27.51569728590757
student723,Female,6,80,97,41,56,44,97.04336108757887
student724,Male,2,64,62,80,62,83,26.537118237727995
student725,Female,4,78,94,93,47,58,69.87273524581803
student726,Female,6,64,79,90,99,85,11.543959497454992
student727,Male,2,51,87,48,56,45,71.20516529065438
student728,Female,1,100,75,70,62,45,63.40424267775264
student729,Female,2,75,96,52,68,94,42.8666207373638
student730,Male,6,97,99,83,78,81,42.75600020220829
student731,Male,2,72,52,87,94,52,4.875874697851801
student732,Male,4,56,81,93,97,79,36.64072190095881
student733,Male,3,47,65,64,53,93,71.15947718872798
student734,Female,5,94,43,43,82,42,78.22632014567205
student735,Male,6,90,46,79,62,88,55.122869544972055
student736,Female,6,71,51,95,64,54,59.420544982965986
student737,Female,6,44,56,100,78,96,80.51727794702626
student738,Male,3,89,68,52,60,45,44.96970010608258
student739,Female,4,50,95,100,92,74,30.46188295522734
student740,Female,5,71,69,79,99,48,22.293256922405792
student741,Male,5,82,83,54,60,56,45.63264072536779
student742,Male,6,85,75,49,44,90,66.5500325564119
student743,Female,5,68,55,79,72,75,96.62350079713934
student744,Female,5,61,43,89,70,91,6.188677749175852
student745,Male,2,50,83,40,79,77,30.146796885099814
student746,Female,3,58,59,64,67,77,85.02807642640153
student747,Male,2,40,88,79,55,56,37.45040735220127
student748,Male,2,49,77,90,99,62,79.98284743248409
student749,Female,2,66,64,87,86,76,84.01018634729283
student750,Female,1,46,64,40,92,75,38.0206397002199
student751,Female,2,57,64,65,79,43,64.61375428317164
student752,Female,5,84,87,44,76,93,4.692574534586901
student753,Male,2,95,62,54,65,44,39.362697838163726
student754,Female,1,59,72,50,44,60,99.38411931176694
student755,Female,5,61,98,63,47,71,40.763473045675724
student756,Male,1,88,98,85,47,98,35.33473970529669
student757,Male,3,91,100,42,89,72,49.48515799603772
student758,Female,4,91,78,99,90,99,54.09373316365611
student759,Male,6,85,72,97,46,83,36.454754594515585
student760,Female,5,47,57,65,99,71,71.60274233097476
student761,Female,4,100,61,52,80,66,76.59302674558255
student762,Male,1,63,63,82,78,41,86.83573090557223
student763,Female,4,79,46,99,81,53,95.90665071924907
student764,Female,4,86,94,66,85,60,8.552114237360708
student765,Male,3,87,97,43,40,84,74.11214956923025
student766,Female,5,44,98,97,83,99,71.80682551863055
student767,Female,4,77,46,73,79,55,52.22390023480067
student768,Male,3,87,87,57,94,96,63.47804541461862
student769,Male,4,50,57,86,82,58,81.1122667469128
student770,Female,6,71,64,68,91,58,95.27865000158269
student771,Female,3,64,54,49,71,67,94.7902563246473
student772,Male,2,91,96,61,45,96,52.6642987133984
student773,Female,2,66,62,43,94,89,80.33170703826343
student774,Male,1,54,73,63,97,64,32.76378929868009
student775,Female,5,40,64,53,94,86,89.30700805293768
student776,Female,3,43,80,65,67,54,18.723433903224795
student777,Female,2,96,85,93,74,76,23.80542137132703
student778,Female,3,62,73,85,72,67,1.263080390834359
student779,Female,1,48,71,57,55,51,38.985053438238445
student780,Male,1,40,44,95,42,44,85.64844836689377
student781,Male,6,83,88,63,40,66,7.701059376675712
student782,Male,5,65,73,94,86,83,31.987377776167982
student783,Female,4,43,78,69,73,73,13.265690782133532
student784,Female,4,61,94,61,71,81,83.68628531261163
student785,Male,1,67,72,52,91,60,2.3307818188580742
student786,Male,6,55,100,75,49,70,52.768059891908
student787,Female,2,57,42,76,87,91,62.403888844250524
student788,Male,2,53,65,89,42,71,5.602378652451723
student789,Male,5,85,94,93,57,57,53.08277076800344
student790,Male,5,70,70,51,50,83,55.2314142667097
student791,Female,3,54,59,80,52,82,96.92626063291685
student792,Male,1,60,57,67,51,87,96.13579921712146
student793,Female,5,78,100,95,90,46,40.83526052766814
student794,Male,2,88,86,87,71,82,8.059155292356701
student795,Female,1,74,76,60,70,52,24.127342689821585
student796,Male,2,92,67,64,86,64,78.70800336232496
student797,Male,1,70,61,76,100,49,62.22054695600481
student798,Male,3,89,45,72,50,54,19.718298591637172
student799,Female,4,90,81,65,82,66,28.747102727271688
student800,Male,6,51,94,44,91,84,4.804284213364241
student801,Female,2,67,46,42,79,92,98.93005448747277
student802,Female,6,76,69,85,41,81,35.24705105745135
student803,Female,6,90,81,72,73,50,14.286332853226558
student804,Female,1,53,62,67,53,57,29.821540892817644
student805,Male,6,70,81,61,70,52,58.13563210615551
student806,Female,2,48,64,41,65,62,55.36651252775031
student807,Female,3,81,63,98,41,100,39.681680383894914
student808,Female,4,74,68,74,62,76,12.496630896427074
student809,Male,3,73,55,76,70,56,14.324581679731951
student810,Female,2,87,91,71,86,93,41.07552121030018
student811,Female,4,70,43,95,61,93,52.931967621206056
student812,Male,1,73,96,93,62,51,53.97015000035738
student813,Male,6,90,74,91,53,96,32.21008180966361
student814,Female,3,100,61,42,85,48,45.537277409374674
student815,Female,5,61,64,57,70,59,31.31196339620732
student816,Male,6,46,99,81,98,47,6.816756783022204
student817,Male,1,61,63,85,58,91,61.26173803634906
student818,Male,5,93,98,62,77,71,9.862402627376621
student819,Male,6,48,95,85,83,42,16.813656762022656
student820,Male,1,68,66,65,82,59,18.753249202860367
student821,Female,4,54,75,65,90,47,33.440495664506585
student822,Female,3,93,78,93,84,43,87.25084156637763
student823,Female,5,86,57,84,40,49,83.06652553560437
student824,Male,3,49,67,51,84,42,50.976206585293625
student825,Male,5,59,89,76,100,84,11.869488447237353
student826,Female,4,60,86,45,82,91,16.929454400547527
student827,Male,5,81,43,97,95,57,20.52774053952009
student828,Male,6,48,40,87,60,88,25.67255161531168
student829,Male,1,88,61,50,70,47,23.229285330249816
student830,Male,5,79,67,56,85,89,60.14610315133259
student831,Female,2,73,67,92,94,86,91.30391139375148
student832,Female,1,47,86,85,64,65,51.85300567952778
student833,Female,5,77,44,60,94,70,72.14075200653598
student834,Female,5,81,86,49,79,71,46.333708294310036
student835,Female,1,74,67,40,45,94,31.55364333285443
student836,Male,4,50,64,78,73,42,85.60169828696516
student837,Female,4,89,87,70,95,80,38.342883823422966
student838,Female,6,84,79,60,81,76,17.59034494377315
student839,Female,6,78,83,95,42,59,94.75493576974343
student840,Male,6,78,54,84,64,68,81.49085951272616
student841,Male,6,83,83,67,83,65,44.49920008202224
student842,Male,1,41,87,84,93,77,95.82826341066074
student843,Female,6,59,83,100,41,71,22.045262470619285
student844,Male,4,40,53,52,62,77,70.55160326527142
student845,Male,4,51,71,68,47,97,27.208443945605275
student846,Male,1,56,77,54,43,98,55.260995355579325
student847,Male,1,71,77,58,93,52,26.227424535093526
student848,Female,2,98,40,68,55,88,15.118189370307222
student849,Female,3,92,91,67,56,94,39.44145201965904
student850,Male,1,91,49,81,74,70,6.9799696691548725
student851,Female,1,72,89,87,59,42,0.9910375189609244
student852,Female,5,96,97,65,42,78,1.854391888181517
student853,Male,5,78,75,91,77,54,23.138667315558237
student854,Male,5,86,41,92,68,60,75.56952550166115
student855,Female,5,89,43,80,57,68,11.219623594200968
student856,Female,6,88,74,62,84,46,9.899205778811904
student857,Male,1,85,69,70,49,53,63.40558836149537
student858,Female,2,67,42,62,99,65,67.65396535424259
student859,Male,1,100,62,70,60,63,45.420876614548746
student860,Female,3,78,89,92,97,79,1.6799857472104218
student861,Male,1,92,64,100,55,71,63.34721075977725
student862,Female,5,52,70,56,78,89,72.75743595310526
student863,Female,3,64,81,62,77,63,77.41562688797585
student864,Female,1,59,63,52,91,41,55.95432946758736
student865,Male,5,86,90,76,60,74,41.70304917954943
student866,Male,3,40,94,87,41,73,63.54647596150205
student867,Male,1,59,72,93,82,88,40.25585503675473
student868,Female,6,96,45,82,60,98,14.810115945443346
student869,Female,4,49,70,49,89,64,82.51638220239384
student870,Male,2,48,42,47,54,53,31.015512261402524
student871,Female,1,81,74,49,91,46,54.17484590221336
student872,Male,6,67,41,71,56,43,68.44687283152308
student873,Male,1,51,99,53,80,41,99.25370717651477
student874,Male,6,66,79,65,56,83,12.381736309964374
student875,Female,1,52,48,57,68,58,72.65572643503305
student876,Male,4,59,63,40,72,45,41.53439165543716
student877,Male,6,64,46,54,86,91,36.48713922032301
student878,Female,5,72,96,87,60,82,1.4078578685148946
student879,Male,3,51,80,64,41,66,90.70157384018833
student880,Female,6,41,94,58,41,87,18.540975419395522
student881,Female,3,85,78,90,76,43,52.02067280144922
student882,Female,5,78,69,58,59,47,9.052816633075444
student883,Female,5,96,83,80,71,57,39.51230116287181
student884,Male,1,48,92,96,99,71,91.6638477650719
student885,Female,4,92,45,58,67,100,68.2662443683251
student886,Female,4,95,86,59,49,46,63.89044549310026
student887,Male,2,41,65,82,74,87,65.13510708762759
student888,Male,5,95,92,87,50,85,18.462969980430966
student889,Female,3,99,96,93,69,99,15.630240370467984
student890,Female,5,98,97,56,88,57,59.924467245885495
student891,Male,3,83,83,40,78,77,61.601108635132775
student892,Male,2,85,52,85,55,84,70.59767910089005
student893,Male,5,48,86,93,49,87,60.399813127489466
student894,Female,6,60,49,42,81,95,82.50779658814864
student895,Male,6,95,83,49,91,95,42.427458887895085
student896,Male,6,89,49,79,98,44,9.394322457690297
student897,Male,4,89,56,51,52,94,96.99470284398124
student898,Male,4,42,71,92,69,64,42.674110753278015
student899,Male,6,69,76,71,90,91,5.751413594855414
student900,Male,1,48,96,80,83,61,68.84875112048083
student901,Male,2,49,51,63,62,47,93.82557692823872
student902,Male,5,71,93,68,94,49,3.318704219773716
student903,Male,5,62,48,45,100,63,70.07099300063201
student904,Female,4,67,81,42,57,91,3.4552432469394323
student905,Female,6,84,77,94,51,55,96.54178334792661
student906,Female,6,60,54,84,88,47,35.04624699614871
student907,Female,5,90,56,90,59,73,84.47120973317516
student908,Male,6,82,65,65,77,61,74.17464073305013
student909,Female,1,74,55,47,43,54,54.546555186633725
student910,Male,2,45,60,100,83,95,47.74089857051492
student911,Male,2,67,45,95,60,90,30.39423835972671
student912,Male,3,58,53,83,45,71,32.50412833804875
student913,Female,1,79,63,90,49,71,4.856883385818211
student914,Male,6,61,52,86,99,41,5.83889848554483
student915,Female,3,57,74,70,72,61,58.71286674110535
student916,Male,1,98,54,42,68,58,34.09623762996492
student917,Female,1,92,62,41,64,63,49.802916531412265
student918,Male,6,70,55,85,93,61,54.39873240357306
student919,Female,5,45,60,65,76,51,99.46267006659465
student920,Male,5,59,54,66,50,81,39.7467586556448
student921,Female,4,75,62,89,97,63,62.727708784508884
student922,Male,5,64,42,87,97,42,20.585222897210762
student923,Male,6,61,53,48,96,47,31.96362250885273
student924,Male,1,61,63,82,94,65,86.03398608756294
student925,Male,3,48,100,63,93,83,49.112980700342156
student926,Female,6,84,43,63,91,63,34.48210737238353
student927,Female,1,70,76,84,46,45,4.256198051949445
student928,Female,3,49,64,82,45,46,83.56071352296804
student929,Female,3,65,46,78,68,93,5.454725176766817
student930,Male,4,85,60,86,94,67,75.99814621833553
student931,Male,1,52,46,92,50,62,54.17424703829518
student932,Male,4,72,45,52,67,97,9.58973525369431
student933,Female,6,62,99,50,95,41,0.8839865166169192
student934,Male,1,52,99,53,78,57,71.01976333578814
student935,Female,2,85,66,45,64,94,36.06179953502625
student936,Female,1,96,58,42,67,59,53.58335196036317
student937,Male,1,62,46,55,98,56,33.10180689645992
student938,Male,1,53,87,52,99,57,71.02191160568687
student939,Female,1,98,75,100,88,99,62.216197979729436
student940,Female,4,84,62,98,98,80,39.48156616630922
student941,Female,3,93,50,74,77,70,29.44149700023333
student942,Female,4,75,66,80,70,80,26.662972202830147
student943,Male,4,64,79,41,70,43,60.3906908568116
student944,Male,2,54,94,53,61,76,60.89939572853178
student945,Female,5,60,89,58,59,78,49.43784541374002
student946,Male,2,92,71,71,78,95,32.834577203561864
student947,Female,3,91,95,74,81,58,98.0779986605964
student948,Female,5,57,45,67,99,100,62.01707959069401
student949,Male,4,99,63,97,79,57,34.97777133790181
student950,Female,1,57,85,57,95,93,4.145600771727587
student951,Female,3,72,100,40,78,84,66.56070638643499
student952,Female,6,48,72,76,75,40,21.910315177915074
student953,Male,4,69,59,58,76,66,2.6470546747167423
student954,Male,3,83,97,49,91,58,96.75623684569135
student955,Female,5,50,45,58,78,74,30.559896704423196
student956,Female,1,57,77,56,55,93,38.30940021874262
student957,Male,6,76,76,95,82,68,74.35685779725075
student958,Female,1,93,51,100,86,96,25.81013858833717
student959,Female,1,86,87,47,67,47,5.297657354278218
student960,Male,2,86,48,93,68,51,50.86490162470743
student961,Male,3,56,91,74,81,54,36.79561812937619
student962,Female,2,45,79,66,74,69,79.57094239588682
student963,Male,2,62,69,48,63,88,85.5897282182461
student964,Male,5,87,65,71,42,98,40.57093984786081
student965,Female,6,84,73,71,73,66,21.594999892314483
student966,Female,6,55,45,100,99,93,3.850512449719956
student967,Male,2,96,67,53,93,98,82.30658073333701
student968,Female,2,71,48,57,66,41,94.3168044644735
student969,Male,4,76,92,43,80,41,87.00650507095617
student970,Male,5,71,80,100,65,86,58.629875468794644
student971,Male,6,85,57,40,54,41,66.65952077444031
student972,Male,3,40,81,51,90,61,18.555513908356
student973,Female,5,83,50,49,71,54,28.686362561126455
student974,Male,2,81,56,71,79,89,79.60221409196897
student975,Female,5,46,90,59,81,100,49.87359218545541
student976,Male,4,63,57,40,48,46,63.67050895155403
student977,Female,5,76,75,70,57,59,81.07825060569228
student978,Female,2,67,66,62,94,60,86.2067435378957
student979,Male,1,75,62,65,91,95,41.91078561219719
student980,Male,6,84,55,43,98,45,0.44974187134194654
student981,Female,2,61,90,78,58,42,66.99432432845795
student982,Female,1,97,93,81,73,58,16.75323831234975
student983,Male,6,54,71,86,49,70,33.442414349502
student984,Female,3,89,57,70,79,87,90.97622642229217
student985,Female,1,43,89,83,83,41,29.855438570016968
student986,Male,2,78,71,76,65,49,2.435586024480507
student987,Male,3,82,97,93,50,82,87.60851588978957
student988,Male,3,99,70,59,69,53,79.07688521790202
student989,Female,2,86,75,91,54,91,63.00154814270565
student990,Male,4,48,54,45,94,82,7.9719477582432585
student991,Female,4,86,68,51,47,58,97.63941638908058
student992,Female,4,48,67,66,73,47,10.379385862868585
student993,Male,6,54,40,89,49,54,40.60503035039166
student994,Male,2,85,64,84,46,85,32.36092596348185
student995,Female,3,73,59,76,82,57,32.76444625145235
student996,Female,4,69,69,85,89,65,69.85552601394318
student997,Female,1,42,94,90,51,99,18.23897338269297
student998,Female,2,46,70,100,74,55,68.35304128041585
student999,Female,6,83,57,49,43,85,95.65299397982444
student1000,Male,3,44,44,45,100,69,26.433756641018558
